currency,year,exchange_rate_to_one_sgd
SSP,2023,96.91043016390802
MRU,2023,26.865401810756595
PAB,2023,0.7443347732421959
GEL,2023,1.9437791814601908
GIP,2023,0.5998836914000322
STD,2023,16848.40606541311
RWF,2023,849.8889540288706
XAF,2023,451.4452416946187
RON,2023,3.4040688980325515
BZD,2023,1.4990780857918031
CUP,2023,19.15766093070717
PLN,2010,2.21270232798124
CAD,2010,0.7564087338231641
BSD,2010,0.7309504075930006
CRC,2010,375.6824212219939
KHR,2010,3023.82071909827
MGA,2010,1517.6355430420758
PKR,2010,62.139650123923865
UAH,2010,5.764093483359262
BGN,2011,1.1136347384139604
CAD,2011,0.7868568950696513
AFN,2011,33.70664139425101
BHD,2011,0.2974401340415323
DOP,2011,29.72482846169044
JOD,2011,0.5585799745772506
PYG,2011,3259.057816968132
TWD,2011,22.82459720711273
UAH,2011,6.27735854273377
VND,2011,16209.84334380539
EUR,2012,0.6230135263016935
IQD,2012,912.4343540200849
IRR,2012,9589.667787062828
KHR,2012,3174.9568920339207
OMR,2012,0.30687308841788863
JPY,2013,78.04030293253102
SEK,2013,5.207559965848614
CNY,2013,4.90480105657513
MYR,2013,2.507827123310586
BYR,2013,7075.251686923452
COP,2013,1463.121083282806
CRC,2013,392.0106466268605
KZT,2013,119.86393076469153
MWK,2013,287.61528009658366
SOS,2013,1098.6402404669088
TTD,2013,5.032883625719717
VEF,2013,4.841851739102299
HRK,2014,4.53659595449721
KRW,2014,829.9427133426952
PHP,2014,34.95517397329773
ZAR,2014,8.555543998306545
BSD,2014,0.7857187961325796
EGP,2014,5.5751373769050545
HNL,2014,15.873663933035237
MDL,2014,10.879065516286136
SAR,2014,2.957659788523711
XCD,2014,5.971276733261042
CVE,2015,72.34246739241128
ISK,2015,95.79846876158382
KYD,2015,0.5936876079420371
PKR,2015,74.2572642841744
UYU,2015,19.433395310731317
UZS,2015,1843.5795583025097
XAF,2015,430.3591156692211
ISK,2016,87.38565938625054
UZS,2016,2120.9277395079225
XCD,2016,1.9327238552612462
HRK,2017,4.788294975306116
AFN,2017,48.58008248319272
HTG,2017,46.44278377962986
KYD,2017,0.5906151981117883
LSL,2017,9.493234250404004
MDL,2017,13.173680613312845
MUR,2017,24.039140140807888
RWF,2017,599.0968868421356
BYN,2017,1.4907677998823554
ARS,2018,20.710144822184432
BOB,2018,5.001109514465255
CUP,2018,0.7228763942104487
GHS,2018,3.4507907939154174
SLL,2018,5754.285482903637
JPY,2019,79.93333313972867
CZK,2019,16.801585696687916
IQD,2019,855.9635585120059
LYD,2019,1.0057143214449813
PGK,2019,2.435842119854689
ISK,2020,97.84727516184914
MMK,2020,993.1432312358851
NPR,2020,85.5722777547304
PKR,2020,117.22405018714093
UAH,2020,19.501174522194027
AMD,2020,351.96062788435165
AWG,2020,1.3127268400544976
GGP,2020,0.5653894319064371
LRD,2020,138.09794915523273
AZN,2021,1.2657788842303235
BIF,2021,1469.1677008015295
BZD,2021,1.4999567007350803
DZD,2021,100.44418868090283
IRR,2021,31369.25170666935
KHR,2021,3026.74555490722
MZN,2021,48.76427782503681
PEN,2021,2.887186202158651
VEF,2021,187982.8854318765
XPT,2021,0.000799205873044788
BAM,2022,1.3483008753285417
CNH,2022,4.885616279373246
DKK,2022,5.128881684654205
GGP,2022,0.5884239921813925
INR,2022,56.989894736093085
MUR,2022,32.08459366953109
PHP,2022,39.50851348931951
PLN,2022,3.2307416136616403
RWF,2022,751.1900465641569
SZL,2022,11.861292575041551
XCD,2022,1.9605200462230394
XPT,2022,0.0010630870772954575
RUB,2023,62.88528467500316
KMF,2023,339.2568473335261
BTC,2023,2.828526035116916e-05
SCR,2023,10.008501055867635
ZAR,2023,13.702446145916335
TWD,2023,23.136945631582705
BSD,2023,0.7443237907425367
MWK,2023,783.3608867137418
CNH,2023,5.262553734930018
LAK,2023,13654.118690690233
AWG,2023,1.3403441162632175
EUR,2023,0.6885367701155394
ANG,2023,1.3405572424344612
TMT,2023,2.6075428914046865
TND,2023,2.3084359709634557
BOB,2023,5.139265607254375
BGN,2010,1.0803956094130254
BND,2010,0.9867366984088685
JMD,2010,62.794059442084915
LAK,2010,5925.929945680322
SOS,2010,1127.9661649674836
SVC,2010,6.295064862895369
UYU,2010,14.382723808036918
VND,2010,13848.142136844432
XPF,2010,64.86246511854917
CZK,2011,14.049157858824833
BOB,2011,5.457538733563451
GMD,2011,22.00927223465534
KES,2011,69.44486809830522
KZT,2011,115.02891151209346
XCD,2011,2.2188984847372706
RUB,2012,24.820693999720717
ANG,2012,1.4063028630933019
CLP,2012,380.84371578149245
COP,2012,1409.2447394170981
GHS,2012,1.4660368247244027
KYD,2012,0.6465230541298487
MVR,2012,12.156275162976529
XAF,2012,402.56398134763083
ILS,2013,2.8850939194765393
AED,2013,2.9318096803658404
EGP,2013,5.472384607122438
CNY,2014,4.8583641507384
IDR,2014,9150.049807584865
BOB,2014,5.33900755178309
CRC,2014,415.73532771228963
ISK,2014,91.85703224907557
MKD,2014,36.334240225022434
MOP,2014,6.190613549950674
PEN,2014,2.193717273530613
RSD,2014,69.66201013824218
SOS,2014,681.5908723241217
GBP,2015,0.47631118437617825
AUD,2015,0.968441064163006
PHP,2015,33.02555617519434
SAR,2015,2.7283668441766507
SVC,2015,6.214023763437361
GBP,2016,0.5361380980974795
HUF,2016,203.78737966359427
LYD,2016,0.9868960626288676
MUR,2016,24.795499951342485
PKR,2016,75.21774150864209
QAR,2016,2.6309575312823927
SDG,2016,4.431641463170232
SOS,2016,404.76793626420596
TTD,2016,4.711529457411677
ZWL,2016,239.38340004635737
LRD,2016,65.31273259908318
SLL,2016,4113.122213771695
GHS,2017,3.171129976903725
PAB,2017,0.7080903118587643
SHP,2017,1.2916708995129966
ANG,2017,1.2795891065602494
JPY,2018,81.8693200730038
CNY,2018,4.895285545651775
HKD,2018,5.81127778473407
ILS,2018,2.661027398493995
ALL,2018,78.54932136276837
BBD,2018,1.4530760444444382
BDT,2018,61.124511397533496
BIF,2018,1293.521435088908
COP,2018,2159.723064804915
NAD,2018,9.661783221826584
PKR,2018,89.66712600047481
SVC,2018,6.33954082532762
SYP,2018,382.8828907621671
USD,2019,0.7332775560906322
CHF,2019,0.7285810783412469
BIF,2019,1327.772521309427
BMD,2019,0.7319749746466265
CUP,2019,0.7142151534733324
GNF,2019,6697.113901553945
HNL,2019,17.64790817117975
LBP,2019,1100.7278125706773
LSL,2019,10.418999563011889
TRY,2020,5.094576962359769
EUR,2020,0.6358232225124375
AED,2020,2.663272959563633
COP,2020,2663.2622088621283
KES,2020,76.8155686866102
NGN,2020,275.2491462766392
NIO,2020,24.786706426171385
VND,2020,16760.589183907072
BTN,2020,54.28074642758019
GMD,2020,37.69722565366501
BYN,2020,1.8304634528350556
IRR,2020,30779.435135922704
WST,2020,1.9257442522255321
ANG,2021,1.3368539797967152
AUD,2021,0.9913300490473931
GMD,2021,38.33242057123753
LRD,2021,123.75217130876355
MMK,2021,1199.2567864465361
MUR,2021,30.946990131081705
QAR,2021,2.7117968528464895
RSD,2021,73.98811024604109
THB,2021,23.796973662748876
UZS,2021,7895.01861909707
BBD,2022,1.4509451839175334
BMD,2022,0.7256798660560255
BTC,2022,2.906010181578476e-05
CRC,2022,467.90637160143433
ILS,2022,2.4352744951882297
KRW,2022,936.025832508619
PKR,2022,148.25937856419648
RON,2022,3.3987047749207924
RUB,2022,50.7659387505044
TMT,2022,2.5427040977866957
TND,2022,2.2347292963952166
TZS,2022,1687.071290137506
XAG,2022,0.03394562134377862
ISK,2023,102.477614695162
KWD,2023,0.2288485146966047
HRK,2023,5.189425001328553
XAU,2023,0.0009677203677804192
BYN,2023,1.940802732002897
GGP,2023,0.5998879706239821
WST,2023,2.024088636009956
MYR,2023,3.3783286709495752
TTD,2023,5.047989315481761
LVL,2010,0.3917309380782159
MVR,2010,9.23807610801112
BWP,2010,4.901715627637824
EGP,2010,4.110660911258953
NIO,2010,15.421584896694622
PAB,2010,0.7208647524668913
QAR,2010,2.664714903847549
UZS,2010,1147.28523265795
KYD,2010,0.5958112728192498
USD,2011,0.7961326241419977
BWP,2011,5.350317358291864
HNL,2011,14.755296001138285
LYD,2011,0.9559326433552197
MOP,2011,6.268929979455009
VEF,2011,3.41717029590408
XPF,2011,66.85758940070994
INR,2012,42.7178835725585
SDG,2012,2.810554929988245
DKK,2013,4.491854116711675
LVL,2013,0.41862515516062176
EUR,2013,0.60234224341013
BOB,2013,5.44048175133635
GNF,2013,5576.961108694728
IRR,2013,13779.707159365387
KES,2013,67.6856239689645
MDL,2013,9.846205419599762
NGN,2013,125.5034780113355
NPR,2013,73.80385517130556
STD,2013,14521.80910406114
SZL,2013,7.585476849345775
UGX,2013,2041.0869834207926
BZD,2014,1.5460143848363026
LKR,2014,102.89368108897578
MVR,2014,15.459490090788838
MWK,2014,327.57541402301473
PKR,2014,79.19726873041448
SCR,2014,9.49892404399973
TWD,2014,23.339432385679622
XAF,2014,390.1539768179345
JPY,2015,88.14338683655822
TRY,2015,1.9792662840655741
BOB,2015,4.900478949822277
COP,2015,1960.4796646167035
KZT,2015,159.40920808673425
STD,2015,16073.916939662553
VEF,2015,4.591395477744043
ZMW,2015,6.224452700835889
TRY,2016,2.187678703391982
AFN,2016,48.51149654608351
BIF,2016,1157.7175250070545
BZD,2016,1.420567743973373
CRC,2016,385.0922613410166
UAH,2016,18.310243178193716
FJD,2017,1.4846278533578878
MWK,2017,522.850862027539
SCR,2017,9.193064508875873
SZL,2017,9.513563835396221
TTD,2017,4.781574781328728
UGX,2017,2586.154354963415
MXN,2018,14.255865572207092
DZD,2018,86.11001216629582
HTG,2018,49.46515100718564
STD,2018,14909.056547545064
XAF,2018,412.0035148043498
XCD,2018,2.0024384161425606
BRL,2019,2.889108108868473
EUR,2019,0.6549554267774906
AED,2019,2.691918758313004
BDT,2019,60.76862670505323
MVR,2019,11.136159159999856
XPF,2019,78.03782838020545
MXN,2020,15.553560786134744
PHP,2020,35.94560500689145
LBP,2020,1094.5145959516974
MKD,2020,39.081645826876844
MVR,2020,11.155947565260506
OMR,2020,0.2789170562991316
RSD,2020,74.74364857627192
SAR,2020,2.7210060318078133
TTD,2020,4.876600955105829
MRO,2020,260.3533854710247
SYP,2020,373.83492951719603
ZWL,2020,234.82854394942254
ARS,2021,70.7139194643689
EUR,2021,0.6293614358148336
GGP,2021,0.5411433322840785
GNF,2021,7323.516201674384
MXN,2021,15.092584779039035
NPR,2021,87.94016532184855
SSP,2021,96.9277071466982
TZS,2021,1722.4747603670723
UYU,2021,32.412506695749435
WST,2021,1.8938865147349218
XPF,2021,75.08572844281477
AMD,2022,316.6776131651698
BGN,2022,1.3486294549151259
ETB,2022,37.6651235653507
HKD,2022,5.679622579153221
IDR,2022,10769.357355591388
KHR,2022,2965.270793037026
MWK,2022,676.2753541500981
SEK,2022,7.333786035019055
SGD,2022,1.0
SRD,2022,17.561262704093462
SYP,2022,1822.2203325609676
TTD,2022,4.924131203598858
TWD,2022,21.586344342993332
ZWL,2022,233.54452631795365
ZWL,2023,239.56007163761595
LKR,2023,244.76459150077656
CAD,2023,1.0043382008724155
CDF,2023,1699.531641478517
PYG,2023,5409.350145100724
SHP,2023,0.5998707021947142
XAG,2023,0.03226912438482241
AZN,2023,1.2651570959395873
BAM,2023,1.3471013517627812
CRC,2023,404.9705527901386
BIF,2023,1855.2819501122972
MUR,2023,33.65912995066111
SOS,2023,423.3100406735998
LBP,2023,9979.37349790706
EEK,2010,8.67722598345047
MYR,2010,2.3606590954470597
DOP,2010,26.485704941441245
HTG,2010,28.659233664316062
SZL,2010,5.265645952928912
HRK,2011,4.244393633899924
MVR,2011,30.97439838505391
LTL,2012,2.1503244864766877
SEK,2012,5.419688142901672
TRY,2012,1.4406680455980754
THB,2012,24.804394367382326
CVE,2012,67.68869287500198
HNL,2012,15.148152449469407
MGA,2012,1729.663728781865
QAR,2012,2.9033642472848786
RSD,2012,70.32285599351853
TWD,2012,23.054013431616298
UZS,2012,1490.4145003749898
XOF,2012,402.56398134763083
PLN,2013,2.524609485593239
RON,2013,2.6530631868024366
DJF,2013,137.0227170673317
ETB,2013,14.803502383099083
LSL,2013,7.566444852322279
MAD,2013,6.5431566958580385
MMK,2013,732.7229158125627
PYG,2013,3369.042186138782
SDG,2013,3.638678936297213
UZS,2013,1647.231182624223
HUF,2014,183.4073170981319
LTL,2014,2.0435370682142926
NOK,2014,4.970870964472049
CAD,2014,0.8715925090970011
BIF,2014,1209.8496292893462
GNF,2014,5493.576818514456
JOD,2014,0.5543736128931209
NIO,2014,20.195472315401567
PAB,2014,0.7749736515871476
ZMW,2014,4.836514309238905
CHF,2015,0.7004738891520407
HKD,2015,5.6456945833964935
AED,2015,2.6732189497879553
EGP,2015,5.595828108467314
KHR,2015,2888.771327048692
KWD,2015,0.21844694427914318
SDG,2015,4.3577178579154765
RON,2016,2.9385336266399604
HRK,2016,4.926627025067158
BRL,2016,2.5248871022347537
ILS,2016,2.7768194139285467
KRW,2016,838.7261887627737
BMD,2016,0.7229475703230617
ETB,2016,15.653795304295642
GTQ,2016,5.381805649155966
KES,2016,72.29116885386884
KHR,2016,2879.477634491284
LAK,2016,5726.904860032296
MMK,2016,881.1023556847199
MWK,2016,513.2915470876604
PEN,2016,2.3941184644973115
TZS,2016,1551.9228533725372
AUD,2017,0.9453231535967638
MAD,2017,6.836045601275701
NPR,2017,74.33854278534199
SAR,2017,2.71234364433662
TZS,2017,1588.3652392954016
YER,2017,180.88715789323382
CDF,2017,1137.6029192958777
GNF,2018,6649.374414952937
NIO,2018,23.165079701128167
XOF,2018,412.0035148043498
YER,2018,186.09849237988774
DKK,2019,4.8896119470109465
HUF,2019,212.85114602811868
TRY,2019,4.1617889273697575
MXN,2019,14.114509791478174
BSD,2019,0.7292717233278146
MKD,2019,39.96272255236876
MUR,2019,25.074217176616756
SOS,2019,398.35974537412204
UAH,2019,18.84993915571756
NOK,2020,6.818468987326861
CNY,2020,5.0012025032947
ALL,2020,78.13008848035453
ETB,2020,25.301689279163618
LAK,2020,6519.909549100512
MDL,2020,12.455900401386398
QAR,2020,2.608944224640404
YER,2020,182.5679041746782
FJD,2021,1.5395774871209587
GBP,2021,0.5411665870930571
GHS,2021,4.407341488435532
HTG,2021,66.77164135969885
IDR,2021,10650.017334343444
INR,2021,55.00660324252841
TWD,2021,20.77256916997138
AOA,2022,334.40947553648397
BSD,2022,0.725683704058527
CAD,2022,0.9443567734609659
KZT,2022,334.74315168907896
LRD,2023,128.19756960377728
KES,2023,102.20155535407521
SZL,2023,13.69266378750326
VND,2023,17674.1066144029
STN,2023,16.930426507707967
IMP,2023,0.5998866733127526
ETB,2023,40.58037376454355
NAD,2023,13.733974777583743
ZAR,2010,5.363439238290269
IRR,2010,7265.504518350963
MAD,2010,6.111235382903849
MUR,2010,21.816137368112397
EEK,2011,9.131899883090329
LVL,2011,0.4027223543347364
ANG,2011,1.3799399723877865
ARS,2011,3.281535745357742
BBD,2011,1.5610695994298567
BIF,2011,969.0790210669159
CRC,2011,392.3012877917594
ISK,2011,141.11507208887673
KWD,2011,0.21838436388803348
SDG,2011,2.0908776995796194
SYP,2011,37.59100804512933
TND,2011,1.1142932247453468
RON,2012,2.7697718047349333
ILS,2012,3.085001401998217
PHP,2012,33.66041409241784
ALL,2012,85.06532409222535
BND,2012,0.9848251524732532
DZD,2012,61.80766748566611
FJD,2012,1.4213804286041196
KES,2012,66.43314601493226
KZT,2012,117.51562142082123
LBP,2012,1170.7250205042571
NAD,2012,6.4379301290697555
AFN,2013,42.75712482688122
ALL,2013,82.99267150675512
BWP,2013,6.6135662672174895
GMD,2013,26.533470355252316
TWD,2013,23.129443289135306
UAH,2013,6.434624887572274
VND,2013,16568.21463566099
JPY,2014,83.5151553778818
CZK,2014,16.366820077463526
AED,2014,2.89680650020229
CUP,2014,0.7720308354433454
LYD,2014,0.9482607003800698
MGA,2014,1929.4849239472603
RWF,2014,531.7977295687759
TZS,2014,1284.9283106695962
CZK,2015,17.887870578559316
DKK,2015,4.892762554325109
RON,2015,2.914369517545434
NOK,2015,5.862460455229045
RUB,2015,44.16386374522508
KRW,2015,822.2632884846879
DOP,2015,32.23930696849223
DZD,2015,72.64101575512375
PEN,2015,2.2637674159638403
CZK,2016,17.693354291014387
PLN,2016,2.8539630566479706
SEK,2016,6.194849765675141
HKD,2016,5.6249858148639476
BSD,2016,0.7203532145682158
FJD,2016,1.49990385759575
MAD,2016,6.906552144753015
OMR,2016,0.27777168693770815
PYG,2016,4029.8716354676644
RUB,2017,42.19455256048159
CNY,2017,4.886699927769945
HKD,2017,5.645207076727131
BSD,2017,0.7196671727613677
LRD,2017,73.86216286234735
MOP,2017,5.68402346152987
NAD,2017,9.493234250404004
SLL,2017,5352.712875361177
SVC,2017,6.182190439955874
UYU,2017,20.36230908384407
AFN,2018,53.185246613482384
CRC,2018,418.79023897207037
MRO,2018,261.08697395987707
AFN,2019,56.604599636970406
CVE,2019,72.15447975572214
LAK,2019,6224.195712270887
MMK,2019,1102.0780868136158
MWK,2019,530.534885523429
DKK,2020,4.740356069494846
GBP,2020,0.565176204288084
CHF,2020,0.6806067819172833
BSD,2020,0.7238372051595096
CVE,2020,70.29706519566302
LSL,2020,11.86099941924815
MAD,2020,6.809360237617686
UYU,2020,30.297673045798057
UZS,2020,7287.604245463344
AOA,2020,446.4648416270184
ERN,2020,10.940253653133613
SSP,2020,94.99616803264044
AED,2021,2.7333298659503016
BBD,2021,1.488366407742402
BYN,2021,1.8890210372588447
JMD,2021,112.06646129121475
LYD,2021,3.3870440892083105
NGN,2021,300.1848089913251
RWF,2021,744.932503192197
SBD,2021,5.96957421937478
TND,2021,2.0669806391981713
USD,2021,0.7442503116687029
VND,2021,17068.843954161275
XAU,2021,0.0006709153144062412
ZAR,2021,11.004336679239506
CUC,2022,0.7256850974131273
IRR,2022,30655.560339062442
KES,2022,85.5302092004461
KGS,2022,61.14998748287278
MYR,2022,3.189564668502594
NOK,2022,6.968661064934814
SHP,2022,0.5884171591892605
XPF,2022,82.25227897063866
AOA,2023,491.6378563757169
XOF,2023,451.4452373308475
MGA,2023,3299.2269141381844
TOP,2023,1.7575757567280987
MOP,2023,6.000119997022878
SYP,2023,1869.2582665924263
BWP,2023,9.91365129797234
DOP,2023,41.52453775179504
HKD,2023,5.827758167768076
KPW,2023,669.5772833920065
JEP,2023,0.5998815730497244
BBD,2023,1.4882570388545349
BMD,2023,0.744319816043514
CUC,2023,0.7443270487251321
MDL,2023,13.53260494878544
USD,2010,0.7346078159339127
HUF,2010,152.6108754861524
RUB,2010,22.26691985884668
ETB,2010,10.501657789973104
LBP,2010,1096.1956384761327
LKR,2010,82.74713396884017
MRO,2010,199.27406159529008
NGN,2010,109.322747739256
NPR,2010,52.79218794420955
PLN,2011,2.354350818141016
PHP,2011,34.34742681644887
THB,2011,24.15054676155896
DJF,2011,136.619293024403
JMD,2011,67.06817417294329
LSL,2011,5.6437710427386545
CHF,2012,0.7507701449200974
CNY,2012,5.039267711065655
MYR,2012,2.467109896632786
SGD,2012,1.0
GNF,2012,5673.26156836646
MOP,2012,6.270835767220608
NGN,2012,125.24111914990156
PAB,2012,0.7847614508308767
VND,2012,16461.35435208208
XCD,2012,2.399667117406724
BGN,2013,1.1735467243829691
NOK,2013,4.696907978596606
CAD,2013,0.8233283083546286
ARS,2013,4.368656756076454
MOP,2013,6.266370813227501
GBP,2014,0.4792054812228564
TRY,2014,1.7253338826251958
HKD,2014,6.12268673369476
THB,2014,25.60259194407054
FJD,2014,1.4751624858216552
IQD,2014,902.602941702911
PYG,2014,3447.42445147232
ALL,2015,90.04309695863067
BAM,2015,1.2765970363567725
LSL,2015,9.123443955977077
LYD,2015,0.9720370297766744
MMK,2015,831.9148901558939
PGK,2015,1.9630768461263501
SCR,2015,9.059219313008759
AUD,2016,0.9742367849827062
BAM,2016,1.273918830766397
CUP,2016,0.705266320134412
XOF,2016,429.45625221264316
DKK,2017,4.776513959120775
PLN,2017,2.7335651457255463
CHF,2017,0.7131372430397674
NZD,2017,1.0199713492192808
PHP,2017,36.40035213618966
ALL,2017,84.56176040585068
BAM,2017,1.2496984432846638
BIF,2017,1228.4528831073894
KMF,2017,313.4696138907364
MRO,2017,256.2719366735526
HUF,2018,200.0472774398999
SEK,2018,6.4425948994881885
TRY,2018,3.5761733539549123
AUD,2018,0.9925371572720932
BSD,2018,0.7373385154853715
CLP,2018,466.45713298883624
HNL,2018,17.418529948971027
JOD,2018,0.5212469172830729
KMF,2018,303.3532396085928
KWD,2018,0.22321786339339203
SDG,2018,17.187261378836993
TND,2018,1.9498607505412793
XPF,2018,74.90648001568874
ZMW,2018,7.714111008195381
PLN,2019,2.813662152410564
ALL,2019,78.98864818147392
GTQ,2019,5.518238345819571
NAD,2019,10.422992874586779
PAB,2019,0.7175011538335017
PEN,2019,2.43064997068311
SCR,2019,9.39674984228419
SVC,2019,6.264259873027085
UYU,2019,25.329065797923835
RUB,2020,52.422120127935344
ILS,2020,2.491986861195366
BND,2020,0.9945682374547997
KWD,2020,0.22219437613220958
XDR,2020,0.5194425343515993
ANG,2020,1.308982157686958
GIP,2020,0.5653894319064371
KGS,2020,57.7003581817985
MZN,2020,52.24022225550104
XPT,2020,0.0008185810236764996
BHD,2021,0.2806898313277848
BTC,2021,2.4111354712519834e-05
CVE,2021,69.56544007032474
HKD,2021,5.7838630899053936
ISK,2021,94.48048470324369
JEP,2021,0.5411544695489007
KES,2021,81.59493190694418
KWD,2021,0.22468454775879607
MYR,2021,3.0835838453148545
PGK,2021,2.625787699761251
SRD,2021,13.53667115521605
VUV,2021,81.96203111369508
YER,2021,186.05940697059899
ANG,2022,1.3074788214970292
AZN,2022,1.2333611853931317
BDT,2022,67.6309953235548
CUP,2022,18.676651785885344
GBP,2022,0.5884342380534473
GYD,2022,151.75326566996003
LSL,2022,11.858259016593818
MNT,2022,2264.727099973007
MZN,2022,46.32021858299489
RSD,2022,80.95301144360128
SCR,2022,9.849871567655091
SLL,2022,9948.08464029177
STN,2022,17.038020043391732
THB,2022,25.38977095498627
ZMW,2022,12.272371887144255
ZMW,2023,14.520779836844714
MMK,2023,1561.6529793993066
QAR,2023,2.711848174644947
SBD,2023,6.19600781791055
DJF,2023,132.3803901081757
ERN,2023,11.159968591514039
KZT,2023,339.0825755233985
CNY,2023,5.253284050476815
TZS,2023,1790.0964623031118
DKK,2010,4.129873695921306
ILS,2010,2.738993666717972
AED,2010,2.693964717657516
ALL,2010,75.07671997994656
BBD,2010,1.4399184417239552
BZD,2010,1.4207490879798594
CUP,2010,0.7181926439890599
IQD,2010,841.0599649180247
PGK,2010,1.8967915206145576
XAF,2010,356.8695531731941
CHF,2011,0.7050011329412174
NOK,2011,4.45753050668185
GHS,2011,1.2157541300345485
GNF,2011,5495.592577297806
ILS,2011,2.8443757071811913
MRO,2011,219.97997735621126
NGN,2011,122.2522848920919
SOS,2011,1263.1762796631722
STD,2011,13906.806709622064
TTD,2011,4.991840885668669
TZS,2011,1244.8253994832526
USD,2012,0.8006980371764683
JPY,2012,63.917186204214914
HUF,2012,179.89190516278782
NOK,2012,4.6564050646966555
ZAR,2012,6.568081713014659
DOP,2012,30.806059819104284
MWK,2012,194.30730233082633
SCR,2012,10.42213818684827
XPF,2012,73.17331268679139
BIF,2013,1224.2987364540393
CLP,2013,387.4010901252425
DOP,2013,32.733588584104254
MGA,2013,1743.0132512390694
NAD,2013,7.5661922569235625
SAR,2013,2.994284122274152
TZS,2013,1264.8846678947264
UYU,2013,15.936432054043774
INR,2014,48.12165986325297
DOP,2014,33.71307580921988
KHR,2014,3129.9624327541787
LSL,2014,8.427236931157827
NGN,2014,128.67661413669353
HRK,2015,4.991252499029582
ARS,2015,6.726375671006526
BIF,2015,1124.9268166283991
ETB,2015,14.902343893496301
KES,2015,70.1576109839182
MVR,2015,10.900904129782846
TZS,2015,1450.2564905871989
UGX,2015,2326.9742948284616
NOK,2016,6.081110158503538
ARS,2016,10.682744239088887
BWP,2016,7.7910133922755955
LBP,2016,1065.2486661287905
MOP,2016,5.665072536512928
RSD,2016,80.4793864571772
RWF,2016,556.3808090795613
SVC,2016,6.186067803991117
UGX,2016,2447.806513996569
UYU,2016,21.456433644462393
KRW,2017,817.5772104954182
MYR,2017,3.06494192245769
ZAR,2017,9.643981793242515
ISK,2017,77.15603321381278
LAK,2017,5816.08648582976
MKD,2017,39.229789546206646
QAR,2017,2.603843858703591
TMT,2017,2.4641667569208034
AWG,2017,1.314036566065282
BRL,2018,2.7031668020928907
BAM,2018,1.2221451568142938
BYN,2018,1.498683078280175
LBP,2018,1111.7093203675977
MOP,2018,5.862298248290294
MZN,2018,44.28884364962924
NGN,2018,265.29205241438956
NPR,2018,80.01522420404162
QAR,2018,2.6065943257733393
GBP,2019,0.5744797455269014
ILS,2019,2.605995017455026
MYR,2019,3.020740250744346
SGD,2019,1.0
THB,2019,22.73576908448698
HTG,2019,65.16674221608271
KYD,2019,0.5987369651140548
ZMW,2019,9.40864902036778
ARS,2020,51.23920772113612
BOB,2020,4.9634076279336625
KHR,2020,2940.079172547588
PYG,2020,4883.005568572159
AZN,2020,1.2414641453149107
TJS,2020,7.68814263931443
GYD,2020,152.5203980726805
IMP,2020,0.5653894319064371
KMF,2020,370.7617637372396
SLL,2020,7212.005107452317
BND,2021,0.9998958487555766
BRL,2021,4.015968900091432
BTN,2021,54.96297727990299
CZK,2021,16.136073554903493
FKP,2021,0.5411599170365178
ILS,2021,2.405146452849692
KRW,2021,851.84527306971
NOK,2021,6.397698720259845
RON,2021,3.0965489238917696
SCR,2021,12.021302862044395
SLL,2021,7756.088748041971
UAH,2021,20.297996944574678
XAG,2021,0.02988461513955515
XCD,2021,2.0111338166249135
XPD,2021,0.0005219057055060684
ARS,2022,94.67823506373139
BYN,2022,2.0718623064209725
EGP,2022,13.928432123871648
HNL,2022,17.846336763676057
KYD,2022,0.6048110848808238
NAD,2022,11.819448476167754
SDG,2022,361.5887371727818
SVC,2022,6.346845287543283
TRY,2022,12.007077114066217
SEK,2023,7.922271510660744
GNF,2023,6407.140682104859
BND,2023,0.9996919714655593
CLF,2023,0.02275971036284194
FKP,2023,0.5998897178820841
SLL,2023,13947.166779399786
CVE,2023,75.99655477270434
CZK,2010,13.996381193506867
MXN,2010,9.189382147238568
BOB,2010,5.046774512835575
DJF,2010,125.88951525422205
LYD,2010,0.9153197527419092
MWK,2010,108.50985112418773
UGX,2010,1578.8647238082772
XCD,2010,2.185355066826321
DKK,2011,4.261384573987602
HTG,2011,31.514143342473044
MGA,2011,1584.1820023757778
PKR,2011,254.32171771029624
QAR,2011,2.883611536200751
SVC,2011,6.827073207869414
DKK,2012,4.63728115797911
BRL,2012,1.5623505355534066
AED,2012,2.934862372274921
BSD,2012,0.7960648303091801
JMD,2012,69.62917268794824
KWD,2012,0.22300092916803815
PGK,2012,1.582101047750513
PYG,2012,3462.3386563935546
BRL,2013,1.7216409724600745
THB,2013,24.4780516160271
BBD,2013,1.5582737854265523
KWD,2013,0.22583628768448494
MVR,2013,12.130759677150493
RSD,2013,67.97057773375799
BRL,2014,1.8537519277945274
BND,2014,0.9854952181532849
CLP,2014,441.9208299830705
DJF,2014,137.31556898561772
KYD,2014,0.6464979673094284
LAK,2014,6206.286659972435
LBP,2014,1171.0419514876621
MAD,2014,6.461024864384579
STD,2014,14572.254632894952
TTD,2014,4.954374498109167
USD,2015,0.7284187673080531
CAD,2015,0.9295018961402514
MYR,2015,2.785361856973862
THB,2015,24.892136608906615
BBD,2015,1.429682623067189
GHS,2015,2.7381305264456066
MUR,2015,24.563364774881947
RWF,2015,506.3639862630578
VND,2015,15698.330566315246
XPF,2015,78.2438911784731
CAD,2016,0.9597508269851932
THB,2016,25.547195587849647
KWD,2016,0.21803376286777598
KZT,2016,245.92961933363148
NGN,2016,185.218309693004
STD,2016,16040.194980277822
VND,2016,15951.357581880899
XAF,2016,429.45625221264316
HUF,2017,198.45755025203496
TRY,2017,2.6417089389751913
IQD,2017,829.8417575900754
IRR,2017,23881.36146825159
JOD,2017,0.5086036610859932
KES,2017,73.63548511496015
NGN,2017,239.42445585461806
RSD,2017,77.88766769607936
SOS,2017,393.2159028548146
TND,2017,1.7406932450166412
BGN,2018,1.2237919351401618
CZK,2018,16.100975866580487
MYR,2018,2.983728547881886
SGD,2018,1.0
EUR,2018,0.6280939119596554
BHD,2018,0.27768393917744283
BND,2018,0.7657043457069269
GTQ,2018,5.453754536167057
ISK,2018,79.96038062983959
MAD,2018,6.771316887733315
PGK,2018,2.3924479725678105
RWF,2018,639.0889259953028
TWD,2018,21.728814763668623
NOK,2019,6.450791081813856
CNY,2019,5.058095961050582
BND,2019,0.9402972289961546
BWP,2019,7.7806325495124256
DOP,2019,37.069303509372595
ETB,2019,21.176596007425154
PKR,2019,109.48583120187762
VND,2019,16636.471569326044
SEK,2020,6.670651328814993
KZT,2020,299.648676487016
MGA,2020,2755.847100852543
MUR,2020,28.116008575206347
SOS,2020,411.9489135209458
UGX,2020,2671.4144487186054
GEL,2020,2.3194884055835296
BTC,2020,6.262070839016323e-05
BAM,2021,1.2306640415844465
GTQ,2021,5.758020024786112
HUF,2021,225.63395702877565
IQD,2021,1086.4698039451023
LSL,2021,11.140369904308647
MDL,2021,13.131335422741836
MNT,2021,2121.8030456810034
MRU,2021,26.89999353000587
MWK,2021,594.8374581641862
TMT,2021,2.608638725967358
ZMW,2021,14.87732177287171
BOB,2022,4.999520711586569
COP,2022,3085.577785179914
DZD,2022,103.07349923981135
HTG,2022,85.14120080591177
JOD,2022,0.5146376762721837
MKD,2022,42.45618557342474
SOS,2022,419.5419507202109
UGX,2022,2675.133087989196
UYU,2022,29.881161153646808
YER,2022,181.51165382964643
BDT,2023,80.08785023701043
RSD,2023,80.75955828983169
MKD,2023,42.4164721768055
XCD,2023,2.010975255830331
CHF,2023,0.6718837408521575
COP,2023,3260.653719580585
GYD,2023,156.44642178122757
VES,2023,20.418007992002348
VUV,2023,88.2521071695895
PEN,2023,2.782193225241004
IDR,2023,11301.238699883508
NGN,2023,449.16917540257595
AUD,2023,1.1196152334170084
TRY,2023,17.04413472586171
UZS,2023,8654.447309801735
THB,2023,25.821169678159038
JMD,2023,114.43572836031386
NOK,2023,7.8431168421021145
HKD,2010,5.705269830851132
INR,2010,33.49111734566635
ISK,2010,90.78418510418437
DZD,2010,53.22298640561656
FJD,2010,1.3983220668442287
SDG,2010,1.6853481009094937
VEF,2010,3.105636830496884
ANG,2010,1.337898903009052
BYR,2011,4049.0245408862174
IQD,2011,915.5421601042265
MKD,2011,34.94490160242181
PEN,2011,2.1470238705037703
UYU,2011,14.96817795255593
UZS,2011,1344.2861506749502
XAF,2011,367.84661217743957
NZD,2012,0.9885539601423506
ARS,2012,3.6362054926583176
LKR,2012,101.75598574124932
SZL,2012,6.457957189919934
TZS,2012,1250.6795210091711
UYU,2012,15.814026680869272
GBP,2013,0.5112509801764819
CHF,2013,0.7412525542714807
BND,2013,0.9847635465022068
BSD,2013,0.7952385994790057
BZD,2013,1.5623673151410582
HNL,2013,15.76254963621519
PAB,2013,0.7842859462171075
SVC,2013,6.848710331155496
CHF,2014,0.7222701446656024
SGD,2014,1.0
EUR,2014,0.5947859370274677
GHS,2014,2.3872714146243674
GTQ,2014,5.993111499193245
HTG,2014,34.43643081864216
KWD,2014,0.2239075515107846
MMK,2014,763.9677347083988
OMR,2014,0.30292897595334023
XPF,2014,70.93416685188004
SEK,2015,6.136316131100826
NZD,2015,1.0427244070581214
SGD,2015,1.0
BND,2015,0.9839164197983217
JOD,2015,0.511148255091477
MWK,2015,358.9586100987041
UAH,2015,15.70103595298115
NZD,2016,1.039830032038948
JOD,2016,0.5082514780903111
MDL,2016,14.22771236830203
SCR,2016,8.993109287742179
SZL,2016,10.531506652707076
MZN,2016,54.15724409506375
SHP,2016,1.2979407531168543
USD,2017,0.7245511372801814
JPY,2017,81.25539025944711
CAD,2017,0.940266081916925
BOB,2017,4.898839651937967
BWP,2017,7.38945291426854
BZD,2017,1.4246733496357262
MGA,2017,2229.20204938993
XCD,2017,1.9472835943232134
DKK,2018,4.681082750490183
CAD,2018,0.9606267059991066
DOP,2018,36.31734641978641
LRD,2018,103.56139279978966
MDL,2018,12.270285094647003
OMR,2018,0.2844381700388956
SAR,2018,2.7770080587140806
SZL,2018,9.680916020447198
UYU,2018,22.36336598702605
HRK,2019,4.856179322673308
ZAR,2019,10.5920679179922
JMD,2019,96.37938048877979
KWD,2019,0.22213824067682028
PYG,2019,4480.949546552704
RON,2020,3.0753309553329005
THB,2020,22.659912776817965
AFN,2020,55.58597857605334
BAM,2020,1.2418904740392658
BDT,2020,61.16044497310773
CLP,2020,570.9406859759473
MWK,2020,539.1594892984749
SCR,2020,12.243431080218171
SDG,2020,39.353892501055036
SZL,2020,11.867540494199881
ZMW,2020,13.261683633978683
CDF,2020,1404.2483396121013
CNH,2020,4.9913547944415235
AFN,2021,62.05295451398715
BWP,2021,8.248302374935692
COP,2021,2785.11029404382
CUP,2021,19.160935409579178
GEL,2021,2.3946060021956095
GIP,2021,0.5411624001597255
GYD,2021,155.6429154286692
KGS,2021,62.940889240650215
KMF,2021,313.3832542588548
KYD,2021,0.6202555779426415
KZT,2021,317.4708048764259
MOP,2021,5.957347669509058
MRO,2021,265.71661200066796
PAB,2021,0.7442451820148197
SEK,2021,6.385876307730429
SVC,2021,6.511089863987704
AFN,2022,65.31450459069113
BRL,2022,3.7452708770286867
CDF,2022,1463.9559043212003
CZK,2022,16.931699644052106
GNF,2022,6388.449638230304
GTQ,2022,5.621387815637247
LYD,2022,3.48415734463583
MMK,2022,1398.027044510224
MRU,2022,26.86366220246113
XAF,2022,452.13154623706606
XPD,2022,0.0007029111212282969
AMD,2023,290.6715388176853
MXN,2023,13.264905234369087
IQD,2023,1015.0011480222578
USD,2023,0.7443257756337208
AFN,2023,63.0482461577886
MVR,2023,11.436487675154014
HTG,2023,106.59544416484161
SAR,2023,2.791675224596522
JPY,2010,64.39655628555838
HRK,2010,4.0373646794590625
BRL,2010,1.2899418707649122
CNY,2010,4.959231942449731
IDR,2010,6616.364271884863
KRW,2010,848.2632750864378
THB,2010,23.158147862055557
BYR,2010,2163.9906236820943
GMD,2010,19.983195081712857
LSL,2010,5.274908406797515
PYG,2010,3424.2236677858064
NZD,2011,1.0064966043341947
ZAR,2011,5.762349516778297
CLP,2011,376.60377063094467
EGP,2011,4.703579166713352
MDL,2011,9.16875960312279
NIO,2011,17.56215041886377
XOF,2011,367.84661217743957
CAD,2012,0.800081532491119
BAM,2012,1.212259749547787
BBD,2012,1.5667401470258542
BOB,2012,5.461321069044216
BWP,2012,6.003863711402527
BYR,2012,6644.971855960003
CRC,2012,394.1162751671614
MMK,2012,501.09977366558866
PKR,2012,134.05507936949516
FJD,2013,1.454119459615102
IQD,2013,911.3340385853068
KHR,2013,3151.2159834282056
LAK,2013,6131.162981349455
LBP,2013,1180.7586182739572
MKD,2013,36.9208309408771
MRO,2013,231.75685601743047
PEN,2013,2.111041183739401
PKR,2013,80.7977409481119
XPF,2013,71.83533958112976
ILS,2014,2.818309130907517
NZD,2014,0.9516317069579765
KES,2014,68.2446181676557
SVC,2014,6.770390057280432
BGN,2015,1.2780577973608145
BRL,2015,2.4144686438729446
BYR,2015,10754.824043713674
CRC,2015,380.9106555132817
FJD,2015,1.5094624996826878
HNL,2015,15.401487773663849
JMD,2015,83.8085031809998
OMR,2015,0.2793318381287473
PYG,2015,3698.421907993198
TTD,2015,4.532972187003528
PHP,2016,34.25858872198618
EUR,2016,0.6547018111748121
AED,2016,2.6585947809892674
ALL,2016,88.26663017368071
BDT,2016,55.779760519085
COP,2016,2179.511547154124
DZD,2016,78.91086557037619
EGP,2016,7.2353985157590595
NAD,2016,10.50379111561573
TWD,2016,22.716279502443555
GMD,2016,30.224113877256794
GYD,2016,142.6804844005517
KMF,2016,323.1587026251383
TMT,2016,2.448050953112348
CLP,2017,460.8622201338654
GYD,2017,143.82245746819677
KHR,2017,2868.1471037700453
KWD,2017,0.2189464568740781
MMK,2017,972.1229984590368
MZN,2017,45.75619910937566
PGK,2017,2.2563054968705067
VEF,2017,9.202902368457517
IDR,2018,10506.617131554449
INR,2018,50.619227181200195
KRW,2018,814.6755931084346
CDF,2018,1173.4640660329744
GYD,2018,148.8072433953098
JMD,2018,94.68390709564795
KYD,2018,0.605559834269319
MUR,2018,24.291924729872743
PAB,2018,0.726038627189446
PHP,2019,37.876534153784256
NGN,2019,263.4546896623879
NIO,2019,23.997058552621727
RWF,2019,659.9539151578741
SAR,2019,2.7487154530536047
SDG,2019,33.736395835728764
TND,2019,2.145843583761214
TZS,2019,1680.3896279518297
UGX,2019,2691.3062014874436
JPY,2020,77.43302845861562
BGN,2020,1.2422102267910013
IDR,2020,10462.840880234487
NZD,2020,1.1164132546962318
BMD,2020,0.7247109287465788
DZD,2020,91.81404271517222
KYD,2020,0.6001045333268329
SVC,2020,6.294506491155749
CLF,2020,0.020578864362516987
XAG,2020,0.03326488497655801
XAU,2020,0.0003941726456862314
XCD,2020,1.9709189014898334
AMD,2021,376.0111548990098
CHF,2021,0.6803289558481659
CNY,2021,4.80118774343436
OMR,2021,0.2866290045816063
PHP,2021,36.669658221415865
SGD,2021,1.0
XDR,2021,0.522419674163472
XOF,2021,412.7391746875667
ALL,2022,81.92805557843977
BTN,2022,56.975076152288246
EUR,2022,0.6896469286679016
GEL,2022,2.1153617662804813
IQD,2022,1058.7158569011833
JPY,2022,95.2392373089589
KWD,2022,0.22253254731146552
LBP,2022,1099.2533333287606
MXN,2022,14.584244242717734
NIO,2022,26.01569392215326
PEN,2022,2.7800680750888733
TOP,2022,1.690368308862943
UAH,2022,23.649760652764066
ARS,2023,191.64851428642982
BGN,2023,1.3471554148672369
MAD,2023,7.537830645045429
BTN,2023,61.322066514335
JPY,2023,103.75747042039946
UAH,2023,27.38529680431964
UGX,2023,2763.0154654763123
GHS,2023,8.649379544377764
DZD,2023,101.3344687586397
UYU,2023,28.81222554256315
TJS,2023,8.021300259504297
LSL,2023,13.706379950282995
XPF,2023,82.12737202151494
MNT,2023,2576.9231111451063
GBP,2010,0.47519561983301006
AUD,2010,0.7995991076715633
AFN,2010,32.318481922924995
BAM,2010,1.080005007792988
CVE,2010,58.998449776912
GHS,2010,1.0389506568220397
KWD,2010,0.20965140992185383
MDL,2010,8.929251344934976
XOF,2010,356.8695531731941
JPY,2011,63.4833200154233
RON,2011,2.413357278178626
SEK,2011,5.163678944338554
HKD,2011,6.195996647253135
AED,2011,2.9161788696254307
ETB,2011,13.372428936161478
FJD,2011,1.4162589437036166
MWK,2011,122.56854188832135
NAD,2011,5.643030179997471
LVL,2012,0.4331722520613963
PLN,2012,2.6029278114342564
HRK,2012,4.671981078134655
AUD,2012,0.7732336897950749
HKD,2012,6.209588850519311
KRW,2012,900.4864704501396
BIF,2012,1109.8476878640197
BZD,2012,1.5268217597922518
CUP,2012,0.7817078536199172
EGP,2012,4.835569901403137
ISK,2012,100.52959109726069
LAK,2012,6254.322886430713
LSL,2012,6.439041396256207
MAD,2012,6.7244630551354545
MDL,2012,9.508402840252753
MRO,2012,232.8601425611109
MUR,2012,23.179008369107752
NPR,2012,67.06964947486367
SYP,2012,49.96244965540332
TND,2012,1.2470993780586486
USD,2013,0.7997503867372395
HUF,2013,178.60845957056097
BHD,2013,0.2990385872953757
ISK,2013,97.45365598344455
KYD,2013,0.6471947198932605
MUR,2013,23.76504726650999
NIO,2013,19.38509982723241
OMR,2013,0.30638148488231315
TND,2013,1.2962176549879159
XAF,2013,395.11063096352234
ARS,2014,6.397353942537529
BYR,2014,8060.090543157384
KZT,2014,139.8473572656233
QAR,2014,2.8683861141916
SDG,2014,4.470876814045044
PLN,2015,2.7416157052416197
EUR,2015,0.6560782255039149
BHD,2015,0.27261468355766183
BWP,2015,7.265120663912964
GTQ,2015,5.446727806043565
SOS,2015,467.67308774459747
XOF,2015,430.3591156692211
USD,2016,0.7249397753398797
CHF,2016,0.7135774163666727
SGD,2016,1.0
BND,2016,0.9839403478661835
SAR,2016,2.712579505260842
IDR,2017,9434.403364470956
MXN,2017,13.700935279590029
BHD,2017,0.2711013976524452
COP,2017,2106.1513502198163
ETB,2017,17.183136132738333
JMD,2017,91.80930616512578
PYG,2017,3990.3358325647746
VND,2017,16194.356532702504
AED,2018,2.7202881825281446
EGP,2018,13.191255482315434
KZT,2018,253.75630513191177
LKR,2018,118.26790619067589
MGA,2018,2454.9960150446304
MKD,2018,38.3690889323476
TZS,2018,1680.7367280395458
UGX,2018,2735.78949768822
VEF,2018,36613.9851809745
VND,2018,16822.586441318294
KRW,2019,853.1204120716632
BAM,2019,1.273234999459334
BZD,2019,1.4459875009174445
CLP,2019,505.3558840800406
COP,2019,2366.4314252561794
MAD,2019,6.848515083056855
TTD,2019,4.873233712152639
TWD,2019,22.028014931016315
UZS,2019,6411.357817587117
AUD,2020,1.052657717053378
CAD,2020,0.9722372470752239
FJD,2020,1.569281185180558
GNF,2020,6975.073364242586
IQD,2020,862.8486132434236
JMD,2020,102.59445677704525
FKP,2020,0.5653894319064371
MNT,2020,2070.064667270213
SRD,2020,7.4944598264310756
TOP,2020,1.6703082580769684
VUV,2020,83.46629028114252
ALL,2021,77.0482654547506
CDF,2021,1481.6122646403799
HNL,2021,17.938687399119182
HRK,2021,4.737550798300885
JOD,2021,0.5277066304406947
JPY,2021,81.71086151631326
MAD,2021,6.689264709129225
SYP,2021,919.8902684141697
SZL,2021,11.019653549490085
TOP,2021,1.6860367271373493
TRY,2021,6.60850561680131
UGX,2021,2669.0937207680363
BZD,2022,1.4622274535068807
CLP,2022,633.5469682674983
CVE,2022,76.18430835099689
GHS,2022,6.521822837978139
IMP,2022,0.5884388371073426
MDL,2022,13.686768556326555
PYG,2022,5062.542854286408
TJS,2022,7.963617716860618
CZK,2023,16.475736266660803
AED,2023,2.732811110214019
XPD,2023,0.0010095247780440907
ALL,2023,75.61410823782515
BRL,2023,3.7290171384197195
OMR,2023,0.28669564438106176
INR,2023,61.34636993254867
PKR,2023,207.1000232677041
KYD,2023,0.6200186887791572
YER,2023,186.2397627811921
SVC,2023,6.507133230417125
SRD,2023,27.088639579683555
TRY,2010,1.10562197876725
NZD,2010,1.0180769212876863
BDT,2010,50.149073077485305
BIF,2010,888.3136879403851
COP,2010,1365.8173307949498
NAD,2010,5.135506199635328
OMR,2010,0.2816456778688762
TZS,2010,1044.2616072198387
GBP,2011,0.49640814356845775
BSD,2011,0.7920690495904049
CVE,2011,61.97203508452479
GTQ,2011,6.086834723975698
KYD,2011,0.6417132621439091
LAK,2011,6248.785956244952
LBP,2011,1174.8911884383094
PAB,2011,0.7826003113894952
BDT,2012,64.37051582497251
RWF,2012,477.58909217807764
VEF,2012,3.4346440588791003
LTL,2013,2.064939340215524
IDR,2013,8309.51804930339
MXN,2013,10.200082879019671
GTQ,2013,6.162352970914289
PGK,2013,1.7753379501717874
SYP,2013,78.55573275947603
BGN,2014,1.1588016641442644
RON,2014,2.639400269858611
AUD,2014,0.8757666038922048
MXN,2014,10.499976409189614
AFN,2014,44.24279625922783
BBD,2014,1.5502590963262595
MUR,2014,23.279284605606946
UGX,2014,2025.4822188080525
ZAR,2015,9.267981424582798
BMD,2015,0.7265477280241907
BSD,2015,0.7239185102595027
CUP,2015,0.7088018594514877
IQD,2015,816.0680838814069
LAK,2015,5760.99755430347
LKR,2015,96.82876565536407
NPR,2015,73.55135301113526
PAB,2015,0.7121143837646642
QAR,2015,2.6480422296648234
BGN,2016,1.2739980083958553
DKK,2016,4.873695405615763
MYR,2016,2.9486872067589935
BBD,2016,1.4207191793953156
HNL,2016,16.140011982705254
JMD,2016,89.54251083771673
LSL,2016,10.50379111561573
MGA,2016,2271.296046360143
MRO,2016,248.069395516078
NIO,2016,20.42468577889208
NOK,2017,5.988923140821933
SGD,2017,1.0
THB,2017,24.565884730225896
ARS,2017,11.9946933315451
BBD,2017,1.4174005180105778
BMD,2017,0.7222199092451246
BND,2017,0.9846208333675114
DJF,2017,126.23319421467369
LYD,2017,0.9896623860456668
STD,2017,15735.231134476098
TWD,2017,21.39390952332142
XOF,2017,421.2912248572561
ZMW,2017,6.868440813743764
PLN,2018,2.675642327934074
MMK,2018,1054.8987411315536
MVR,2018,11.273132351933794
PYG,2018,4165.840475435326
UZS,2018,5963.281735088099
ISK,2019,89.67188639088866
INR,2019,51.559557009273135
NZD,2019,1.1130466950891498
JOD,2019,0.5152622751911952
KZT,2019,278.7562591825708
MOP,2019,5.791506342245861
XOF,2019,429.22724350756295
SGD,2020,1.0
DJF,2020,128.15279561436438
PGK,2020,2.5033672956912265
XOF,2020,417.07269620929566
CUC,2020,0.7292871904718191
JEP,2020,0.5653894319064371
XPD,2020,0.0003366071133238422
BMD,2021,0.7442485485837583
CLP,2021,565.5095697960851
CNH,2021,4.800664565100501
ERN,2021,11.163032385589762
ETB,2021,32.95253360603748
LAK,2021,7250.161465855055
LBP,2021,1130.5650324784056
LKR,2021,147.61334850716207
NAD,2021,11.003568737604555
SDG,2021,282.7169200009593
AED,2022,2.6643801187180194
ERN,2022,10.87975552719555
HRK,2022,5.193843352937864
HUF,2022,269.9879769589902
LAK,2022,10341.786918060745
MAD,2022,7.364053004028224
MOP,2022,5.849943417202304
SSP,2022,94.47695598916519
STD,2022,16076.660842636218
UZS,2022,8015.41919574323
ZAR,2022,11.86669591057702
KGS,2023,65.18240331597262
PLN,2023,3.1495406848041707
KHR,2023,3056.3851699275915
NPR,2023,98.10937364803166
HNL,2023,18.32836248115494
PHP,2010,32.98268468559481
BHD,2010,0.27509128252000864
KES,2010,55.666226250546586
MOP,2010,5.769870636699559
PEN,2010,2.0307682148815744
RSD,2010,57.071988970801364
SAR,2010,2.7501836639546275
SYP,2010,33.35325016596389
BRL,2011,1.327226727001614
CNY,2011,5.134709326949001
INR,2011,37.009646493116755
SGD,2011,1.0
EUR,2011,0.5719859452349824
BAM,2011,1.1132252101796787
COP,2011,1442.7403506117469
IRR,2011,8308.270427373795
UGX,2011,1984.9597189952133
CZK,2012,15.64854978785771
IDR,2012,7461.484574027041
ETB,2012,14.079564580937117
HTG,2012,32.70055870744292
SAR,2012,2.996976000197473
SOS,2012,1274.3914438611405
CZK,2013,15.62439447016336
AUD,2013,0.8281247528900547
NZD,2013,0.9748970890353095
BDT,2013,61.35618018617832
JMD,2013,78.54543154486392
RWF,2013,509.1406255713472
ZMW,2013,4.273742497339298
USD,2014,0.7897104963697029
SEK,2014,5.412498067988035
BAM,2014,1.1573343944996342
BMD,2014,0.7880589044954919
CVE,2014,65.58406764524906
ETB,2014,15.380472084847552
JMD,2014,86.50907519547802
NPR,2014,76.07983804143232
PGK,2014,1.9871033458072136
VEF,2014,4.968553692734238
BDT,2015,55.542358621639075
CLP,2015,466.6152943619457
HTG,2015,36.33807716634995
LBP,2015,1068.083472734157
SZL,2015,9.142923872798768
JPY,2016,78.77762197927305
RUB,2016,48.38365331604652
IDR,2016,9395.559946784375
CVE,2016,72.19069791423465
GNF,2016,6025.925591445241
IQD,2016,825.0656687698477
MKD,2016,40.00846606347255
SYP,2016,148.80045174766406
BGN,2017,1.2511949290772046
CRC,2017,400.9671940840621
CUP,2017,0.7049014158367383
EGP,2017,12.906022159752672
GTQ,2017,5.196644037857024
LBP,2017,1067.3822950094661
NIO,2017,21.401155725031927
UZS,2017,3691.0417616663453
RUB,2018,46.486285373191464
AWG,2018,1.324097970712489
BMD,2018,0.7398567506757867
BWP,2018,7.45965655793306
ETB,2018,20.308672012863102
IQD,2018,866.0066898175603
LYD,2018,0.9932974281576359
MWK,2018,524.6072407126858
TMT,2018,2.5355999060111687
UAH,2018,19.983078295515146
BGN,2019,1.2765736607717253
RUB,2019,47.43858491299533
HKD,2019,5.7441550554692835
IDR,2019,10337.35250456848
BBD,2019,1.4413552468754551
BHD,2019,0.27443559351368807
DZD,2019,87.24447167609928
MGA,2019,2639.6553483893736
SZL,2019,10.44340263171597
PLN,2020,2.824097328161693
HRK,2020,4.792796773786003
INR,2020,53.72119584631383
BIF,2020,1381.6310615587777
BZD,2020,1.4506533416889826
EGP,2020,11.464282821443007
PEN,2020,2.5173467276230324
TWD,2020,21.13721875961315
XPF,2020,75.85827764527635
STD,2020,15541.236616951654
STN,2020,15.505960586949998
VES,2020,313950.0105088518
AOA,2021,466.0771246271938
BOB,2021,5.136955124430069
CUC,2021,0.7442476175574465
DOP,2021,42.46170378403521
KPW,2021,669.6976859689971
NZD,2021,1.052610776438461
PLN,2021,2.8729459264329504
STD,2021,15419.920649824406
VES,2021,1578469.6631581238
BND,2022,1.0000760308136223
BWP,2022,8.967118435941545
FKP,2022,0.5884188725322336
ISK,2022,98.0780716452951
KMF,2022,338.76492968354785
KPW,2022,652.7634965278637
MGA,2022,2994.6906034241815
NZD,2022,1.143742442129181
OMR,2022,0.2795910472781029
VND,2022,16973.62835767833
SDG,2023,443.12061668492606
PGK,2023,2.6653065930806044
GBP,2023,0.5998835201978492
XDR,2023,0.557432721074463
ILS,2023,2.738993177362738
HUF,2023,263.0799739697805
JOD,2023,0.5279429162543765
FJD,2023,1.6576205239971014
CHF,2010,0.7650604965290179
NOK,2010,4.4359583520144215
EUR,2010,0.5545758230761278
ARS,2010,2.8730226883916328
KZT,2010,106.61885648241152
SCR,2010,7.957950587258164
STD,2010,13181.03858693614
RUB,2011,23.21789903208405
MXN,2011,9.850137370915919
ALL,2011,78.86007904068265
BND,2011,0.9861667556320571
CUP,2011,0.7789468979536504
MUR,2011,22.04289496427373
PGK,2011,1.8075738614939922
RSD,2011,58.12564364705301
SZL,2011,5.661014348007712
GTQ,2012,6.147113911554465
JOD,2012,0.5619730071119473
LYD,2012,0.9859993920225586
SVC,2012,6.852033332536515
TTD,2012,5.024600265317133
UAH,2012,6.383322836624505
TRY,2013,1.5217283657574245
CUP,2013,0.7814003253440984
CVE,2013,65.3202087660346
GHS,2013,1.6357662093840477
BMD,2013,0.7945691073639788
DKK,2014,4.433576713113214
LVL,2014,0.41699170061668017
MYR,2014,2.5351376900177125
DZD,2014,63.27901082318844
SZL,2014,8.447232341852681
TND,2014,1.3375580891841257
UYU,2014,17.954859234765063
UZS,2014,1798.2801990149173
VND,2014,16504.393538985627
HUF,2015,203.0729016334632
INR,2015,46.631722990860425
BZD,2015,1.4232348406260436
MGA,2015,2228.036715721061
MRO,2015,221.87826704289486
NAD,2015,9.123443955977077
NGN,2015,142.15361383670194
NIO,2015,19.266308691391995
TWD,2015,22.46605624140352
INR,2016,48.59570657942954
CLP,2016,481.1873684145168
DOP,2016,32.78347117070826
HTG,2016,45.071856225551535
KYD,2016,0.5910224539773198
LKR,2016,103.65667873718156
XPF,2016,78.07974092882358
IRR,2016,22429.619841028078
CZK,2017,16.910645195365596
DOP,2017,33.761941886172785
GMD,2017,32.51434122916534
HNL,2017,16.676532506429712
KZT,2017,234.4225369351632
OMR,2017,0.27778681719790277
PEN,2017,2.3130658615075297
SDG,2017,4.771099094001688
USD,2018,0.7416100560635819
THB,2018,23.941910525224728
ANG,2018,1.312699600129385
KHR,2018,2938.8670744468727
TTD,2018,4.90847927547014
BOB,2019,4.9414451225164235
KHR,2019,2909.116615886454
OMR,2019,0.28146309256411395
QAR,2019,2.574002407630478
RSD,2019,77.04228952392913
XAF,2019,429.22724350756295
USD,2020,0.7254220032677174
HKD,2020,5.6263471285231255
KRW,2020,854.4393628843771
DOP,2020,40.79374362847588
HNL,2020,17.789109918171132
JOD,2020,0.5126359327385352
MOP,2020,5.751287015779691
RWF,2020,693.0761271318883
TMT,2020,2.555823487868183
BSD,2021,0.7442525106659608
CAD,2021,0.9330203576773483
CRC,2021,462.28121102309376
DJF,2021,132.4686473036
MGA,2021,2866.857850453883
PKR,2021,121.20789690613772
STN,2021,15.63936212981747
TTD,2021,5.052636322069178
AUD,2022,1.0458262249220225
AWG,2022,1.3059557615032187
GMD,2022,40.175980298043115
JMD,2022,111.29098921530009
LKR,2022,234.5876760433589
QAR,2022,2.6431413552824607
SAR,2022,2.723697011307463
VES,2022,4.829836437802411
WST,2022,1.9401190811031617
XAU,2022,0.0010556132827324897
XDR,2022,0.5294220706588489
XOF,2022,452.13155150776424
SGD,2023,1.0
GMD,2023,45.708365628589185
EGP,2023,22.758790528063713
IRR,2023,31405.3422308113
BHD,2023,0.28073339103760725
XPT,2023,0.0010409196951942882
NZD,2023,1.2118018763296623
MZN,2023,47.51925015316443
LTL,2010,1.909897068419417
SGD,2010,1.0
GNF,2010,4093.8209868247745
GTQ,2010,5.8112487684283245
JOD,2010,0.5113348820551262
MMK,2010,4.634211263661776
TND,2010,1.0468636188535316
TWD,2010,22.589810366119778
LTL,2011,1.9723020855902675
TRY,2011,1.334542912058278
AUD,2011,0.7711425794798635
MYR,2011,2.430787639856439
BDT,2011,57.892761636077864
BZD,2011,1.544711248206438
LKR,2011,87.52883542566472
NPR,2011,58.38961414163503
OMR,2011,0.3053548795138678
SAR,2011,2.9813596354091154
SCR,2011,9.260897326606228
GBP,2012,0.5051526373588788
GMD,2012,24.379467641126432
NIO,2012,18.530634852593295
PEN,2012,2.0619879398416363
STD,2012,15138.503309755413
RUB,2013,25.431683721274922
INR,2013,46.73825182262467
ZAR,2013,7.702121101114866
BAM,2013,1.1720376023026902
HTG,2013,33.579152244465725
LYD,2013,0.9932072277162701
XOF,2013,395.11063096352234
RUB,2014,30.259731941477984
ALL,2014,81.7666160077704
BDT,2014,60.1854900509533
BHD,2014,0.2956307176642837
BWP,2014,6.991493537252673
NAD,2014,8.426868214502637
UAH,2014,9.291785024054134
XOF,2014,390.1539768179345
LTL,2015,2.2057394255785154
CNY,2015,4.5682095086334
AFN,2015,43.76010081460477
MKD,2015,40.047873573651046
RSD,2015,78.98421465482585
TND,2015,1.424829847378053
MXN,2016,13.523435416875051
DJF,2016,125.71967181754336
VEF,2016,6.589972709160625
ZMW,2016,7.447356953997334
SEK,2017,6.1860276377988495
INR,2017,47.08643678398126
DZD,2017,80.02443415760274
GNF,2017,6559.650200674888
LKR,2017,108.22108139779057
MVR,2017,11.020673823681202
XAF,2017,421.2912248572561
GBP,2018,0.5556705275661439
RON,2018,2.9198142232077022
CHF,2018,0.7253188073217922
NOK,2018,6.031976308892289
NZD,2018,1.0717342702081465
PHP,2018,38.941685896792364
ZAR,2018,9.804094616476322
CVE,2018,69.2583020723137
DJF,2018,128.92679516892142
IRR,2018,30138.150864699957
KES,2018,73.88160100227256
LAK,2018,6082.696304792832
LSL,2018,9.661783221826584
SOS,2018,403.9622267804386
ARS,2019,34.697947815611364
CRC,2019,422.16685120532435
FJD,2019,1.5715750624479177
KES,2019,73.42884496289834
LKR,2019,128.68037019045
MDL,2019,12.686529626425237
ZAR,2020,11.91505316575841
BBD,2020,1.443993955307805
BHD,2020,0.27289366930011255
BWP,2020,8.261218735703947
GHS,2020,4.1530977053266405
GTQ,2020,5.559543686080713
HTG,2020,67.975812904594
NAD,2020,11.881697024656548
PAB,2020,0.7199223530955706
TZS,2020,1668.413029092258
XAF,2020,417.07269620929566
SBD,2020,5.983171939084112
KPW,2020,656.3530726167801
SHP,2020,0.5653894319064371
BDT,2021,63.30186085860163
BGN,2021,1.2308372270176862
CLF,2021,0.020659262765812394
DKK,2021,4.6796695990082675
EGP,2021,11.680202730414532
IMP,2021,0.5411574445479979
MKD,2021,38.76324789871579
NIO,2021,26.114038465996902
SOS,2021,432.4327004843422
BIF,2022,1481.039696815722
CHF,2022,0.6925775178682811
DJF,2022,129.11386626634942
LRD,2022,110.86903158673324
PAB,2022,0.7256875828011394
SBD,2022,5.902384787336975
USD,2022,0.7256691180372382
VUV,2022,84.74362842151606
LYD,2023,3.576804992007045
DKK,2023,5.131259701110613
PHP,2023,41.376922718603254
KRW,2023,971.7987990901491
CLP,2023,619.8009377039215
GTQ,2023,5.826270294234312
NIO,2023,27.19007373638323
RON,2010,2.326939024517678
SEK,2010,5.283528702839936
CLP,2010,366.8345109378702
HNL,2010,13.606895786936729
MKD,2010,33.90125461559513
RWF,2010,420.40236150570735
TTD,2010,4.5749597327401474
HUF,2011,159.59576936029123
IDR,2011,6937.826861934172
KRW,2011,879.8576673289077
DZD,2011,57.54284300643015
KHR,2011,3179.001074428918
MAD,2011,6.272875795789574
MMK,2011,5.025719237801866
RWF,2011,468.85714399972386
BGN,2012,1.2137013401243244
MXN,2012,10.531953671190523
AFN,2012,38.208726231817764
BHD,2012,0.2992442932252577
DJF,2012,137.828554053057
MKD,2012,38.06256310711126
UGX,2012,1976.7731056786788
HRK,2013,4.55541747662671
HKD,2013,6.202305518393122
KRW,2013,873.5254458357072
PHP,2013,33.7848469345599
SGD,2013,1.0
DZD,2013,63.33939558910484
JOD,2013,0.5613296334829216
LKR,2013,102.90250906906701
QAR,2013,2.8989255661594404
SCR,2013,9.113227070438045
PLN,2014,2.48752314863785
COP,2014,1547.5612243613423
MRO,2014,226.597334470919
IDR,2015,9580.0552865852
ILS,2015,2.822775543898867
MXN,2015,11.539319519638022
DJF,2015,126.33090833923595
GNF,2015,5298.586579695428
MAD,2015,6.900272378861918
MDL,2015,13.44089276693521
MOP,2015,5.685314161122362
CNY,2016,4.804125775347117
ZAR,2016,10.643129963351843
BHD,2016,0.2709924510833467
BOB,2016,4.8710191223827275
GHS,2016,2.8488429210643695
MVR,2016,10.859701611759187
NPR,2016,76.79850236271106
PAB,2016,0.7085441335895966
PGK,2016,2.2167011640033203
TND,2016,1.55102639343052
YER,2016,178.1965731050857
GBP,2017,0.5624215537773578
RON,2017,2.9304711203469447
BRL,2017,2.311440877577791
ILS,2017,2.602511596929117
EUR,2017,0.6421864259561808
AED,2017,2.6574930244729065
BDT,2017,57.648381379756806
CVE,2017,70.81817395662232
PKR,2017,75.46426331463893
SYP,2017,349.56339377959824
UAH,2017,19.06926904361821
XPF,2017,76.59525164154739
HRK,2018,4.65560963642218
BZD,2018,1.460085638843685
FJD,2018,1.5349326616107226
GMD,2018,35.29580561255159
PEN,2018,2.42949349747689
RSD,2018,74.16951550943776
SCR,2018,9.502011666622296
CUC,2018,0.7318808999550479
RON,2019,3.1050796485690078
SEK,2019,6.9308490311961295
AUD,2019,1.054948546168172
CAD,2019,0.9729206209158693
DJF,2019,127.69448896545775
EGP,2019,12.364865447959907
GHS,2019,3.9060353459955035
NPR,2019,81.42353878334869
VEF,2019,46.39942710961392
CZK,2020,16.814416925704275
HUF,2020,223.093871080801
BRL,2020,3.7334487145468156
MYR,2020,3.028326438219342
CRC,2020,421.0690874800498
CUP,2020,12.751970761582458
LKR,2020,133.71000185264623
LYD,2020,0.9994883311176396
TND,2020,2.0531036808312493
MRU,2020,27.376384498244125
VEF,2020,181217.3638792601
AWG,2021,1.3396961720657221
MVR,2021,11.48357063987154
PYG,2021,5043.057348463809
RUB,2021,54.84255861170158
SAR,2021,2.791171821531314
SHP,2021,0.54115733592078
TJS,2021,8.457180199101046
XAF,2021,412.73916374336414
ZWL,2021,239.6030469260064
BHD,2022,0.2737905914740467
CLF,2022,0.023392161794095805
CNY,2022,4.879249268286025
DOP,2022,39.87211890725191
FJD,2022,1.5872586112111131
GIP,2022,0.5884294473417526
JEP,2022,0.5884225600483937
MVR,2022,11.186423327122291
NGN,2022,307.2736228834421
NPR,2022,91.15438053340684
PGK,2022,2.557057824581566
